
-- =============================================
-- بيانات تجريبية لشركة مقاولات في زليتن - ليبيا
-- =============================================

-- 1. العملاء
INSERT INTO public.clients (id, name, phone, email, address, city, notes) VALUES
  ('c0000001-0000-4000-a000-000000000001', 'محمد الزليتني', '0912345678', 'zlitni@email.com', 'شارع الجمهورية، وسط المدينة', 'زليتن', 'عميل دائم - مشاريع سكنية'),
  ('c0000001-0000-4000-a000-000000000002', 'أحمد بن سعيد العبيدي', '0923456789', 'obidi@email.com', 'حي السلام، بالقرب من جامعة زليتن', 'زليتن', 'صاحب عدة عقارات تجارية'),
  ('c0000001-0000-4000-a000-000000000003', 'شركة الواحة للاستثمار العقاري', '0934567890', 'waha@company.ly', 'شارع الكورنيش، منطقة الميناء', 'زليتن', 'شركة استثمارية كبيرة'),
  ('c0000001-0000-4000-a000-000000000004', 'عبدالرحمن الشريف', '0945678901', 'sharif@email.com', 'منطقة سوق الجمعة', 'زليتن', 'مقاول فرعي ومستثمر'),
  ('c0000001-0000-4000-a000-000000000005', 'مؤسسة النخلة للتطوير', '0956789012', 'nakhla@dev.ly', 'طريق مصراتة - زليتن', 'زليتن', 'تطوير مجمعات سكنية');

-- 2. الموردين
INSERT INTO public.suppliers (id, name, phone, email, address, category, notes, payment_status) VALUES
  ('a0000001-0000-4000-a000-000000000001', 'مصنع زليتن للخرسانة الجاهزة', '0911111111', 'concrete@zliten.ly', 'المنطقة الصناعية، زليتن', 'خرسانة', 'مورد رئيسي للخرسانة الجاهزة', 'paid'),
  ('a0000001-0000-4000-a000-000000000002', 'معرض الأمل لمواد البناء', '0922222222', 'amal@build.ly', 'شارع طرابلس، زليتن', 'مواد بناء', 'جميع أنواع مواد البناء والتشطيب', 'due'),
  ('a0000001-0000-4000-a000-000000000003', 'شركة النور للكهرباء', '0933333333', 'noor@elec.ly', 'سوق الكهربائيات، وسط زليتن', 'كهرباء', 'مواد كهربائية وإنارة', 'paid'),
  ('a0000001-0000-4000-a000-000000000004', 'مؤسسة الصخرة للرخام والسيراميك', '0944444444', 'sakhra@tiles.ly', 'طريق الساحل، زليتن', 'سيراميك ورخام', 'رخام محلي ومستورد', 'due'),
  ('a0000001-0000-4000-a000-000000000005', 'محلات الحديد والصلب المتحدة', '0955555555', 'steel@united.ly', 'المنطقة الصناعية، زليتن', 'حديد', 'حديد تسليح وهياكل معدنية', 'paid');

-- 3. المهندسين
INSERT INTO public.engineers (id, name, phone, email, specialty, engineer_type, license_number, notes) VALUES
  ('b0000001-0000-4000-a000-000000000001', 'م. خالد الفقهي', '0961111111', 'faqhi@eng.ly', 'هندسة مدنية - إنشائية', 'civil', 'ENG-2024-001', 'مهندس إشراف رئيسي - خبرة 15 سنة'),
  ('b0000001-0000-4000-a000-000000000002', 'م. فاطمة المنصوري', '0962222222', 'mansouri@eng.ly', 'هندسة معمارية', 'architectural', 'ENG-2024-002', 'تصميم معماري وديكور داخلي'),
  ('b0000001-0000-4000-a000-000000000003', 'م. عمر البوسيفي', '0963333333', 'bousifi@eng.ly', 'هندسة كهربائية', 'electrical', 'ENG-2024-003', 'أنظمة كهربائية وطاقة شمسية');

-- 4. الفنيين
INSERT INTO public.technicians (id, name, phone, specialty, daily_rate, hourly_rate, meter_rate, piece_rate, notes) VALUES
  ('d0000001-0000-4000-a000-000000000001', 'علي الحداد', '0971111111', 'حدادة مسلحة', 150, 20, NULL, NULL, 'حداد متخصص في الحديد المسلح'),
  ('d0000001-0000-4000-a000-000000000002', 'سالم البناء', '0972222222', 'بناء وتشطيب', 120, 15, 25, NULL, 'بناء خبرة في التشطيبات'),
  ('d0000001-0000-4000-a000-000000000003', 'يوسف الكهربائي', '0973333333', 'كهرباء', 130, 18, 10, NULL, 'فني كهرباء منازل ومحلات'),
  ('d0000001-0000-4000-a000-000000000004', 'حسن السباك', '0974444444', 'سباكة', 110, 15, 8, NULL, 'سباكة وصرف صحي'),
  ('d0000001-0000-4000-a000-000000000005', 'مصطفى النجار', '0975555555', 'نجارة', 140, 18, NULL, 50, 'نجارة أبواب ونوافذ وديكور');

-- 5. الموظفين
INSERT INTO public.employees (id, name, phone, position, department, salary, hire_date, notes) VALUES
  ('e1000001-0000-4000-a000-000000000001', 'عبدالله الزليتني', '0981111111', 'مدير مشاريع', 'الإدارة', 5000, '2023-01-15', 'مدير مشاريع أقدم'),
  ('e1000001-0000-4000-a000-000000000002', 'نورالدين المصراتي', '0982222222', 'محاسب', 'المالية', 3500, '2023-06-01', 'محاسب رئيسي'),
  ('e1000001-0000-4000-a000-000000000003', 'سارة الطرابلسي', '0983333333', 'سكرتيرة', 'الإدارة', 2500, '2024-01-10', 'إدارة المكتب والمراسلات');

-- 6. المعدات
INSERT INTO public.equipment (id, name, serial_number, category, total_quantity, available_quantity, daily_rental_rate, purchase_price, current_condition, description, notes) VALUES
  ('f0000001-0000-4000-a000-000000000001', 'حفارة كاتربلر 320', 'CAT-320-2024-01', 'حفارات', 2, 1, 500, 350000, 'good', 'حفارة هيدروليكية متوسطة', 'صيانة دورية كل 500 ساعة'),
  ('f0000001-0000-4000-a000-000000000002', 'خلاطة خرسانة 750 لتر', 'MIX-750-2024-01', 'خلاطات', 3, 2, 80, 15000, 'good', 'خلاطة خرسانة ذاتية التحميل', NULL),
  ('f0000001-0000-4000-a000-000000000003', 'رافعة برجية 40 متر', 'CRN-40-2024-01', 'رافعات', 1, 0, 800, 500000, 'good', 'رافعة برجية للمباني العالية', 'مؤجرة حالياً'),
  ('f0000001-0000-4000-a000-000000000004', 'شاحنة نقل 10 طن', 'TRK-10T-2024-01', 'شاحنات', 2, 2, 200, 180000, 'fair', 'شاحنة نقل مواد بناء', NULL),
  ('f0000001-0000-4000-a000-000000000005', 'مضخة خرسانة 36 متر', 'PMP-36-2024-01', 'مضخات', 1, 1, 600, 400000, 'good', 'مضخة صب خرسانة بذراع طويل', 'تحتاج صيانة بعد كل استخدام');

-- 7. المشاريع
INSERT INTO public.projects (id, name, client_id, supervising_engineer_id, budget, spent, progress, status, location, description, start_date, end_date, budget_type, notes) VALUES
  ('10000001-0000-4000-a000-000000000001', 'فيلا الزليتني - حي السلام', 'c0000001-0000-4000-a000-000000000001', 'b0000001-0000-4000-a000-000000000001', 450000, 180000, 40, 'active', 'حي السلام، زليتن', 'بناء فيلا سكنية دورين مع حديقة وموقف سيارات', '2025-03-01', '2026-03-01', 'fixed', 'مشروع سكني فاخر'),
  ('10000001-0000-4000-a000-000000000002', 'عمارة العبيدي التجارية', 'c0000001-0000-4000-a000-000000000002', 'b0000001-0000-4000-a000-000000000001', 1200000, 600000, 50, 'active', 'شارع الجمهورية، وسط زليتن', 'بناء عمارة تجارية 4 طوابق بها محلات ومكاتب', '2025-01-15', '2026-06-30', 'fixed', 'موقع استراتيجي وسط المدينة'),
  ('10000001-0000-4000-a000-000000000003', 'مجمع الواحة السكني', 'c0000001-0000-4000-a000-000000000003', 'b0000001-0000-4000-a000-000000000002', 3500000, 500000, 15, 'active', 'طريق الكورنيش، زليتن', 'مجمع سكني يضم 12 شقة فاخرة مع مرافق مشتركة', '2025-06-01', '2027-06-01', 'fixed', 'مشروع استثماري كبير'),
  ('10000001-0000-4000-a000-000000000004', 'ترميم منزل الشريف', 'c0000001-0000-4000-a000-000000000004', 'b0000001-0000-4000-a000-000000000003', 85000, 70000, 85, 'active', 'سوق الجمعة، زليتن', 'ترميم وتجديد منزل قديم مع تحديث الكهرباء والسباكة', '2025-09-01', '2026-01-30', 'open', 'ترميم شامل'),
  ('10000001-0000-4000-a000-000000000005', 'مستودعات النخلة', 'c0000001-0000-4000-a000-000000000005', 'b0000001-0000-4000-a000-000000000001', 280000, 280000, 100, 'completed', 'المنطقة الصناعية، طريق مصراتة', 'بناء 3 مستودعات تخزين بمساحة 500 م² لكل مستودع', '2024-06-01', '2025-06-01', 'fixed', 'تم التسليم بنجاح'),
  ('10000001-0000-4000-a000-000000000006', 'مسجد الرحمة', 'c0000001-0000-4000-a000-000000000001', 'b0000001-0000-4000-a000-000000000002', 600000, 0, 0, 'pending', 'حي الأندلس، زليتن', 'بناء مسجد بسعة 300 مصلي مع دورات مياه ومواقف', '2026-04-01', '2027-10-01', 'fixed', 'في انتظار التصاريح');

-- 8. مراحل المشاريع
INSERT INTO public.project_phases (id, project_id, name, status, order_index, description, start_date, end_date) VALUES
  ('20000001-0000-4000-a000-000000000001', '10000001-0000-4000-a000-000000000001', 'أعمال الحفر والتأسيس', 'completed', 0, 'حفر الأساسات وصب القواعد', '2025-03-01', '2025-04-15'),
  ('20000001-0000-4000-a000-000000000002', '10000001-0000-4000-a000-000000000001', 'الخرسانة المسلحة', 'completed', 1, 'صب الأعمدة والأسقف', '2025-04-16', '2025-07-30'),
  ('20000001-0000-4000-a000-000000000003', '10000001-0000-4000-a000-000000000001', 'أعمال البناء', 'active', 2, 'بناء الجدران الداخلية والخارجية', '2025-08-01', '2025-10-30'),
  ('20000001-0000-4000-a000-000000000004', '10000001-0000-4000-a000-000000000001', 'التشطيبات الداخلية', 'pending', 3, 'سيراميك ودهانات وديكور', '2025-11-01', '2026-02-28'),
  ('20000001-0000-4000-a000-000000000005', '10000001-0000-4000-a000-000000000002', 'الأساسات والقواعد', 'completed', 0, 'حفر وصب أساسات العمارة', '2025-01-15', '2025-03-30'),
  ('20000001-0000-4000-a000-000000000006', '10000001-0000-4000-a000-000000000002', 'الهيكل الخرساني', 'active', 1, 'صب 4 طوابق', '2025-04-01', '2025-10-30'),
  ('20000001-0000-4000-a000-000000000007', '10000001-0000-4000-a000-000000000002', 'الأعمال الكهربائية', 'pending', 2, 'تمديدات كهربائية لجميع الطوابق', '2025-11-01', '2026-01-30'),
  ('20000001-0000-4000-a000-000000000008', '10000001-0000-4000-a000-000000000002', 'التشطيبات والواجهات', 'pending', 3, 'تشطيب داخلي وخارجي', '2026-02-01', '2026-06-30'),
  ('20000001-0000-4000-a000-000000000009', '10000001-0000-4000-a000-000000000003', 'تجهيز الموقع والحفر', 'completed', 0, 'إزالة وتجهيز الأرض والحفر', '2025-06-01', NULL),
  ('20000001-0000-4000-a000-000000000010', '10000001-0000-4000-a000-000000000003', 'الأساسات العميقة', 'active', 1, 'أساسات خازوقية وقواعد', '2025-08-01', NULL),
  ('20000001-0000-4000-a000-000000000011', '10000001-0000-4000-a000-000000000003', 'الهيكل الإنشائي', 'pending', 2, 'أعمدة وأسقف لجميع الطوابق', NULL, NULL);

-- 9. بنود المشاريع
INSERT INTO public.project_items (id, project_id, phase_id, name, quantity, unit_price, total_price, measurement_type, progress, description) VALUES
  ('30000001-0000-4000-a000-000000000001', '10000001-0000-4000-a000-000000000001', '20000001-0000-4000-a000-000000000001', 'حفر أساسات', 120, 15, 1800, 'area', 100, 'حفر أساسات بعمق 1.5 متر'),
  ('30000001-0000-4000-a000-000000000002', '10000001-0000-4000-a000-000000000001', '20000001-0000-4000-a000-000000000001', 'ردم وتسوية', 80, 10, 800, 'area', 100, 'ردم وتسوية التربة'),
  ('30000001-0000-4000-a000-000000000003', '10000001-0000-4000-a000-000000000001', '20000001-0000-4000-a000-000000000002', 'صب قواعد خرسانية', 45, 350, 15750, 'volume', 100, 'صب قواعد بخرسانة مسلحة'),
  ('30000001-0000-4000-a000-000000000004', '10000001-0000-4000-a000-000000000001', '20000001-0000-4000-a000-000000000002', 'صب أعمدة الدور الأرضي', 18, 800, 14400, 'count', 100, '18 عمود خرساني'),
  ('30000001-0000-4000-a000-000000000005', '10000001-0000-4000-a000-000000000001', '20000001-0000-4000-a000-000000000002', 'صب سقف الدور الأرضي', 200, 120, 24000, 'area', 80, 'سقف خرساني مسلح'),
  ('30000001-0000-4000-a000-000000000006', '10000001-0000-4000-a000-000000000001', '20000001-0000-4000-a000-000000000003', 'بناء جدران خارجية', 180, 45, 8100, 'area', 60, 'طوب 20 سم مع عزل'),
  ('30000001-0000-4000-a000-000000000007', '10000001-0000-4000-a000-000000000001', '20000001-0000-4000-a000-000000000003', 'بناء جدران داخلية', 250, 35, 8750, 'area', 30, 'طوب 10 سم فواصل'),
  ('30000001-0000-4000-a000-000000000008', '10000001-0000-4000-a000-000000000002', '20000001-0000-4000-a000-000000000005', 'حفر أساسات عميقة', 300, 20, 6000, 'area', 100, 'حفر أساسات بعمق 3 أمتار'),
  ('30000001-0000-4000-a000-000000000009', '10000001-0000-4000-a000-000000000002', '20000001-0000-4000-a000-000000000005', 'صب لبشة أرضية', 400, 180, 72000, 'area', 100, 'لبشة خرسانية مسلحة'),
  ('30000001-0000-4000-a000-000000000010', '10000001-0000-4000-a000-000000000002', '20000001-0000-4000-a000-000000000006', 'صب أعمدة الطابق الأول', 24, 1200, 28800, 'count', 100, '24 عمود'),
  ('30000001-0000-4000-a000-000000000011', '10000001-0000-4000-a000-000000000002', '20000001-0000-4000-a000-000000000006', 'صب سقف الطابق الأول', 350, 150, 52500, 'area', 80, 'سقف هوردي'),
  ('30000001-0000-4000-a000-000000000012', '10000001-0000-4000-a000-000000000002', '20000001-0000-4000-a000-000000000006', 'صب أعمدة الطابق الثاني', 24, 1200, 28800, 'count', 40, '24 عمود'),
  ('30000001-0000-4000-a000-000000000013', '10000001-0000-4000-a000-000000000002', '20000001-0000-4000-a000-000000000006', 'صب سقف الطابق الثاني', 350, 150, 52500, 'area', 0, 'سقف هوردي');

-- 10. المشتريات
INSERT INTO public.purchases (id, project_id, phase_id, supplier_id, total_amount, date, invoice_number, items, status, notes) VALUES
  ('40000001-0000-4000-a000-000000000001', '10000001-0000-4000-a000-000000000001', '20000001-0000-4000-a000-000000000002', 'a0000001-0000-4000-a000-000000000001', 25000, '2025-04-20', 'INV-2025-001', '[{"name":"خرسانة جاهزة C25","quantity":50,"unit":"م³","unit_price":500}]', 'paid', 'صب قواعد الفيلا'),
  ('40000001-0000-4000-a000-000000000002', '10000001-0000-4000-a000-000000000001', '20000001-0000-4000-a000-000000000002', 'a0000001-0000-4000-a000-000000000005', 18000, '2025-04-15', 'INV-2025-002', '[{"name":"حديد تسليح 12مم","quantity":10,"unit":"طن","unit_price":1800}]', 'paid', 'حديد الأساسات والأعمدة'),
  ('40000001-0000-4000-a000-000000000003', '10000001-0000-4000-a000-000000000001', '20000001-0000-4000-a000-000000000003', 'a0000001-0000-4000-a000-000000000002', 12000, '2025-08-10', 'INV-2025-003', '[{"name":"طوب أسمنتي 20سم","quantity":8000,"unit":"حبة","unit_price":1.5}]', 'due', 'طوب الجدران الخارجية'),
  ('40000001-0000-4000-a000-000000000004', '10000001-0000-4000-a000-000000000002', '20000001-0000-4000-a000-000000000005', 'a0000001-0000-4000-a000-000000000001', 80000, '2025-02-01', 'INV-2025-004', '[{"name":"خرسانة جاهزة C30","quantity":160,"unit":"م³","unit_price":500}]', 'paid', 'صب أساسات العمارة'),
  ('40000001-0000-4000-a000-000000000005', '10000001-0000-4000-a000-000000000002', '20000001-0000-4000-a000-000000000006', 'a0000001-0000-4000-a000-000000000005', 54000, '2025-04-10', 'INV-2025-005', '[{"name":"حديد تسليح 16مم","quantity":20,"unit":"طن","unit_price":1800},{"name":"حديد تسليح 12مم","quantity":10,"unit":"طن","unit_price":1800}]', 'paid', 'حديد الهيكل الإنشائي'),
  ('40000001-0000-4000-a000-000000000006', '10000001-0000-4000-a000-000000000002', '20000001-0000-4000-a000-000000000006', 'a0000001-0000-4000-a000-000000000001', 120000, '2025-05-15', 'INV-2025-006', '[{"name":"خرسانة جاهزة C30","quantity":240,"unit":"م³","unit_price":500}]', 'due', 'صب الطوابق');

-- 11. المصروفات
INSERT INTO public.expenses (id, project_id, phase_id, amount, description, type, date, payment_method, notes) VALUES
  ('50000001-0000-4000-a000-000000000001', '10000001-0000-4000-a000-000000000001', '20000001-0000-4000-a000-000000000001', 3000, 'أجرة حفارة لحفر الأساسات', 'equipment', '2025-03-10', 'cash', 'يومين عمل'),
  ('50000001-0000-4000-a000-000000000002', '10000001-0000-4000-a000-000000000001', '20000001-0000-4000-a000-000000000001', 1500, 'نقل أتربة بالشاحنة', 'transport', '2025-03-15', 'cash', '3 رحلات'),
  ('50000001-0000-4000-a000-000000000003', '10000001-0000-4000-a000-000000000001', '20000001-0000-4000-a000-000000000002', 8000, 'أجور عمال صب الخرسانة', 'labor', '2025-05-01', 'cash', 'فريق مكون من 8 عمال'),
  ('50000001-0000-4000-a000-000000000004', '10000001-0000-4000-a000-000000000001', '20000001-0000-4000-a000-000000000003', 5000, 'أجور بنائين', 'labor', '2025-08-20', 'cash', '4 بنائين'),
  ('50000001-0000-4000-a000-000000000005', '10000001-0000-4000-a000-000000000002', '20000001-0000-4000-a000-000000000005', 15000, 'أجور حفر وتأسيس', 'labor', '2025-02-15', 'bank_transfer', 'فريق حفر كامل'),
  ('50000001-0000-4000-a000-000000000006', '10000001-0000-4000-a000-000000000002', '20000001-0000-4000-a000-000000000006', 25000, 'أجور عمال الهيكل', 'labor', '2025-06-01', 'cash', 'فريق صب خرسانة'),
  ('50000001-0000-4000-a000-000000000007', NULL, NULL, 2000, 'إيجار مكتب الشركة', 'rent', '2025-12-01', 'cash', 'إيجار شهري'),
  ('50000001-0000-4000-a000-000000000008', NULL, NULL, 800, 'فاتورة كهرباء المكتب', 'utilities', '2025-12-05', 'cash', 'كهرباء ديسمبر');

-- 12. الإيرادات
INSERT INTO public.income (id, project_id, client_id, amount, type, date, payment_method, status, notes) VALUES
  ('60000001-0000-4000-a000-000000000001', '10000001-0000-4000-a000-000000000001', 'c0000001-0000-4000-a000-000000000001', 100000, 'project_payment', '2025-03-01', 'bank_transfer', 'received', 'دفعة أولى - فيلا الزليتني'),
  ('60000001-0000-4000-a000-000000000002', '10000001-0000-4000-a000-000000000001', 'c0000001-0000-4000-a000-000000000001', 80000, 'project_payment', '2025-06-15', 'bank_transfer', 'received', 'دفعة ثانية'),
  ('60000001-0000-4000-a000-000000000003', '10000001-0000-4000-a000-000000000002', 'c0000001-0000-4000-a000-000000000002', 300000, 'project_payment', '2025-01-15', 'bank_transfer', 'received', 'دفعة أولى - عمارة العبيدي'),
  ('60000001-0000-4000-a000-000000000004', '10000001-0000-4000-a000-000000000002', 'c0000001-0000-4000-a000-000000000002', 300000, 'project_payment', '2025-07-01', 'cheque', 'received', 'دفعة ثانية'),
  ('60000001-0000-4000-a000-000000000005', '10000001-0000-4000-a000-000000000003', 'c0000001-0000-4000-a000-000000000003', 500000, 'project_payment', '2025-06-01', 'bank_transfer', 'received', 'دفعة أولى - مجمع الواحة'),
  ('60000001-0000-4000-a000-000000000006', '10000001-0000-4000-a000-000000000005', 'c0000001-0000-4000-a000-000000000005', 280000, 'project_payment', '2025-06-15', 'bank_transfer', 'received', 'دفعة نهائية - مستودعات النخلة');

-- 13. إيجارات المعدات
INSERT INTO public.equipment_rentals (id, equipment_id, project_id, daily_rate, start_date, end_date, status, total_amount, notes) VALUES
  ('70000001-0000-4000-a000-000000000001', 'f0000001-0000-4000-a000-000000000001', '10000001-0000-4000-a000-000000000001', 500, '2025-03-05', '2025-03-10', 'completed', 3000, 'حفر أساسات الفيلا'),
  ('70000001-0000-4000-a000-000000000002', 'f0000001-0000-4000-a000-000000000001', '10000001-0000-4000-a000-000000000002', 500, '2025-01-20', '2025-02-10', 'completed', 11000, 'حفر أساسات العمارة'),
  ('70000001-0000-4000-a000-000000000003', 'f0000001-0000-4000-a000-000000000003', '10000001-0000-4000-a000-000000000002', 800, '2025-04-01', NULL, 'active', 24000, 'رافعة برجية للعمارة - مستمر'),
  ('70000001-0000-4000-a000-000000000004', 'f0000001-0000-4000-a000-000000000005', '10000001-0000-4000-a000-000000000002', 600, '2025-05-15', '2025-05-17', 'completed', 1800, 'مضخة صب سقف الطابق الأول');

-- 14. العهد المالية
INSERT INTO public.project_custody (id, project_id, engineer_id, holder_type, amount, spent_amount, remaining_amount, date, status, notes) VALUES
  ('80000001-0000-4000-a000-000000000001', '10000001-0000-4000-a000-000000000001', 'b0000001-0000-4000-a000-000000000001', 'engineer', 20000, 12000, 8000, '2025-03-01', 'active', 'عهدة مشروع فيلا الزليتني'),
  ('80000001-0000-4000-a000-000000000002', '10000001-0000-4000-a000-000000000002', 'b0000001-0000-4000-a000-000000000001', 'engineer', 50000, 35000, 15000, '2025-01-15', 'active', 'عهدة عمارة العبيدي'),
  ('80000001-0000-4000-a000-000000000003', '10000001-0000-4000-a000-000000000003', 'b0000001-0000-4000-a000-000000000002', 'engineer', 30000, 5000, 25000, '2025-06-01', 'active', 'عهدة مجمع الواحة');

-- 15. تعيين فنيين للمشاريع
INSERT INTO public.project_technicians (project_id, technician_id) VALUES
  ('10000001-0000-4000-a000-000000000001', 'd0000001-0000-4000-a000-000000000001'),
  ('10000001-0000-4000-a000-000000000001', 'd0000001-0000-4000-a000-000000000002'),
  ('10000001-0000-4000-a000-000000000001', 'd0000001-0000-4000-a000-000000000003'),
  ('10000001-0000-4000-a000-000000000002', 'd0000001-0000-4000-a000-000000000001'),
  ('10000001-0000-4000-a000-000000000002', 'd0000001-0000-4000-a000-000000000002'),
  ('10000001-0000-4000-a000-000000000002', 'd0000001-0000-4000-a000-000000000003'),
  ('10000001-0000-4000-a000-000000000002', 'd0000001-0000-4000-a000-000000000004'),
  ('10000001-0000-4000-a000-000000000002', 'd0000001-0000-4000-a000-000000000005');

-- 16. تعيين موردين للمشاريع
INSERT INTO public.project_suppliers (project_id, supplier_id) VALUES
  ('10000001-0000-4000-a000-000000000001', 'a0000001-0000-4000-a000-000000000001'),
  ('10000001-0000-4000-a000-000000000001', 'a0000001-0000-4000-a000-000000000002'),
  ('10000001-0000-4000-a000-000000000001', 'a0000001-0000-4000-a000-000000000005'),
  ('10000001-0000-4000-a000-000000000002', 'a0000001-0000-4000-a000-000000000001'),
  ('10000001-0000-4000-a000-000000000002', 'a0000001-0000-4000-a000-000000000005');

-- 17. تسجيل تقدم الفنيين
INSERT INTO public.technician_progress_records (project_item_id, technician_id, quantity_completed, date, notes) VALUES
  ('30000001-0000-4000-a000-000000000003', 'd0000001-0000-4000-a000-000000000001', 45, '2025-05-01', 'إنجاز كامل صب القواعد'),
  ('30000001-0000-4000-a000-000000000004', 'd0000001-0000-4000-a000-000000000001', 18, '2025-05-15', 'إنجاز كامل الأعمدة'),
  ('30000001-0000-4000-a000-000000000006', 'd0000001-0000-4000-a000-000000000002', 100, '2025-09-01', 'جدران الدور الأرضي'),
  ('30000001-0000-4000-a000-000000000010', 'd0000001-0000-4000-a000-000000000001', 24, '2025-06-01', 'أعمدة الطابق الأول كاملة');

-- 18. فنيين البنود
INSERT INTO public.project_item_technicians (project_item_id, technician_id, quantity, rate, rate_type, total_cost, notes) VALUES
  ('30000001-0000-4000-a000-000000000003', 'd0000001-0000-4000-a000-000000000001', 45, 50, 'per_unit', 2250, 'حدادة القواعد'),
  ('30000001-0000-4000-a000-000000000004', 'd0000001-0000-4000-a000-000000000001', 18, 100, 'per_unit', 1800, 'حدادة الأعمدة'),
  ('30000001-0000-4000-a000-000000000006', 'd0000001-0000-4000-a000-000000000002', 180, 25, 'per_meter', 4500, 'بناء الجدران الخارجية'),
  ('30000001-0000-4000-a000-000000000007', 'd0000001-0000-4000-a000-000000000002', 250, 20, 'per_meter', 5000, 'بناء الجدران الداخلية');

-- 19. التحويلات
INSERT INTO public.transfers (id, project_id, amount, spent_amount, remaining_amount, type, party_name, date, status, notes) VALUES
  ('90000001-0000-4000-a000-000000000001', '10000001-0000-4000-a000-000000000001', 15000, 12000, 3000, 'advance', 'م. خالد الفقهي', '2025-03-05', 'active', 'سلفة مصاريف مشروع الفيلا'),
  ('90000001-0000-4000-a000-000000000002', '10000001-0000-4000-a000-000000000002', 30000, 25000, 5000, 'advance', 'م. خالد الفقهي', '2025-02-01', 'active', 'سلفة مشروع العمارة'),
  ('90000001-0000-4000-a000-000000000003', NULL, 10000, 0, 10000, 'loan', 'عبدالسلام المبروك', '2025-11-01', 'active', 'سلفة شخصية');

-- 20. العقود
INSERT INTO public.contracts (id, title, contract_number, client_id, project_id, amount, start_date, end_date, status, description, payment_terms, notes) VALUES
  ('aa000001-0000-4000-a000-000000000001', 'عقد بناء فيلا سكنية - حي السلام', 'CNT-2025-001', 'c0000001-0000-4000-a000-000000000001', '10000001-0000-4000-a000-000000000001', 450000, '2025-03-01', '2026-03-01', 'active', 'عقد بناء فيلا سكنية دورين كاملة التشطيب', 'دفعات شهرية حسب نسبة الإنجاز', 'يشمل جميع الأعمال الإنشائية والتشطيب'),
  ('aa000001-0000-4000-a000-000000000002', 'عقد بناء عمارة تجارية', 'CNT-2025-002', 'c0000001-0000-4000-a000-000000000002', '10000001-0000-4000-a000-000000000002', 1200000, '2025-01-15', '2026-06-30', 'active', 'عقد بناء عمارة 4 طوابق تجارية', '4 دفعات ربع سنوية', 'يشمل التصميم والتنفيذ والإشراف'),
  ('aa000001-0000-4000-a000-000000000003', 'عقد مجمع الواحة السكني', 'CNT-2025-003', 'c0000001-0000-4000-a000-000000000003', '10000001-0000-4000-a000-000000000003', 3500000, '2025-06-01', '2027-06-01', 'active', 'بناء مجمع سكني 12 شقة', 'دفعات حسب المراحل', 'مشروع استثماري طويل المدى');
